latitude,longitude,elevation,utc_offset_seconds,timezone,timezone_abbreviation
35.184532,129.03061,19.0,32400,Asia/Seoul,GMT+9

time,temperature_2m_max (°C),temperature_2m_min (°C),temperature_2m_mean (°C),precipitation_sum (mm)
2022-01-01,4.8,-6.2,-1.6,0.00
2022-01-02,9.2,-5.3,0.2,0.00
2022-01-03,7.1,-3.9,0.0,0.00
2022-01-04,6.9,-4.5,0.2,0.00
2022-01-05,7.8,-3.7,2.1,1.00
2022-01-06,8.1,-1.1,3.5,0.00
2022-01-07,8.3,-4.6,0.9,0.00
2022-01-08,8.5,-5.7,0.5,0.00
2022-01-09,9.1,-2.1,2.6,0.00
2022-01-10,10.0,-3.0,3.2,0.00
2022-01-11,4.4,-5.0,0.2,0.00
2022-01-12,1.8,-7.7,-3.6,0.00
2022-01-13,1.2,-4.9,-2.4,0.00
2022-01-14,3.7,-7.6,-2.9,0.00
2022-01-15,7.3,-3.8,0.3,0.00
2022-01-16,8.1,-2.8,1.3,0.00
2022-01-17,4.5,-4.6,-0.8,0.00
2022-01-18,2.7,-6.9,-2.6,0.00
2022-01-19,5.4,-5.9,-0.7,0.00
2022-01-20,5.4,-6.1,-0.7,0.00
2022-01-21,6.7,-5.4,0.1,0.00
2022-01-22,9.5,-2.2,3.6,0.00
2022-01-23,11.2,1.7,6.2,0.00
2022-01-24,8.3,1.6,5.6,0.00
2022-01-25,8.8,-0.7,4.0,0.00
2022-01-26,9.1,-0.4,3.7,0.00
2022-01-27,10.0,-1.4,3.5,0.00
2022-01-28,7.5,-2.1,1.9,0.00
2022-01-29,6.3,-2.0,1.2,0.00
2022-01-30,7.4,-2.9,1.4,0.00
2022-01-31,8.0,-4.4,1.0,0.00
2022-02-01,5.7,-3.0,0.9,0.00
2022-02-02,5.6,-3.8,0.4,0.00
2022-02-03,5.7,-2.4,0.8,0.00
2022-02-04,5.9,-3.5,0.2,0.00
2022-02-05,2.0,-6.8,-2.7,0.00
2022-02-06,4.5,-5.6,-1.4,0.00
2022-02-07,4.5,-4.5,-0.1,0.00
2022-02-08,7.6,-3.3,1.8,0.00
2022-02-09,9.3,-2.4,3.4,0.00
2022-02-10,11.1,1.8,5.5,0.00
2022-02-11,11.0,-3.7,3.5,0.00
2022-02-12,12.0,0.1,5.3,0.00
2022-02-13,11.5,4.5,7.1,0.80
2022-02-14,12.4,3.3,7.1,0.70
2022-02-15,5.4,-2.9,1.4,0.00
2022-02-16,2.3,-6.2,-2.7,0.00
2022-02-17,1.1,-8.7,-4.2,0.00
2022-02-18,5.7,-6.2,-0.0,0.00
2022-02-19,6.9,0.6,2.8,2.40
2022-02-20,2.1,-5.8,-1.8,0.00
2022-02-21,6.9,-6.0,-0.4,0.00
2022-02-22,4.2,-4.8,-0.4,0.00
2022-02-23,3.2,-5.5,-1.5,0.00
2022-02-24,7.0,-6.1,-0.5,0.00
2022-02-25,10.7,-4.1,2.5,0.00
2022-02-26,11.1,-3.2,4.5,0.00
2022-02-27,12.5,-1.3,5.6,0.00
2022-02-28,13.3,-1.4,6.3,0.00
2022-03-01,16.9,6.4,10.1,4.20
2022-03-02,12.0,-1.5,5.4,0.00
2022-03-03,13.2,-2.0,5.5,0.00
2022-03-04,13.6,-0.2,7.1,0.00
2022-03-05,10.5,2.2,6.8,0.00
2022-03-06,9.6,-3.7,2.8,0.00
2022-03-07,10.3,-0.5,5.0,0.00
2022-03-08,14.9,-2.3,6.7,0.00
2022-03-09,16.2,-0.2,8.0,0.00
2022-03-10,15.6,2.7,9.4,0.00
2022-03-11,17.4,5.7,12.1,0.10
2022-03-12,20.4,8.5,14.0,1.20
2022-03-13,15.7,11.9,14.3,12.90
2022-03-14,13.7,8.9,11.3,0.30
2022-03-15,15.8,2.8,9.5,0.00
2022-03-16,19.8,4.1,11.4,0.00
2022-03-17,10.8,8.0,9.6,3.50
2022-03-18,8.3,4.0,6.8,28.20
2022-03-19,8.8,3.4,5.0,5.30
2022-03-20,10.0,1.7,5.8,0.20
2022-03-21,12.2,1.7,7.2,0.30
2022-03-22,14.0,4.4,8.0,0.80
2022-03-23,11.8,3.7,7.2,0.20
2022-03-24,16.7,1.5,8.7,0.00
2022-03-25,16.2,6.7,12.4,0.90
2022-03-26,17.7,9.8,14.6,41.20
2022-03-27,17.6,6.0,11.7,0.00
2022-03-28,11.0,4.0,7.8,0.00
2022-03-29,15.5,3.1,9.3,0.00
2022-03-30,16.9,5.7,11.5,1.70
2022-03-31,14.1,7.5,11.0,2.00
2022-04-01,11.8,5.3,8.3,0.00
2022-04-02,13.4,2.1,8.2,0.10
2022-04-03,15.0,3.3,9.2,0.10
2022-04-04,17.2,3.5,10.4,0.00
2022-04-05,17.9,4.2,11.2,0.00
2022-04-06,20.1,5.7,12.6,0.00
2022-04-07,19.9,6.3,13.1,3.30
2022-04-08,17.0,5.6,12.2,0.00
2022-04-09,20.6,7.7,14.5,0.00
2022-04-10,21.6,10.1,15.9,0.00
2022-04-11,21.0,13.6,17.1,0.00
2022-04-12,23.4,14.3,18.2,0.10
2022-04-13,15.6,10.6,13.2,0.80
2022-04-14,13.3,9.8,11.0,2.20
2022-04-15,16.3,8.7,11.4,0.00
2022-04-16,16.7,5.7,11.1,0.00
2022-04-17,22.1,5.5,13.7,0.00
2022-04-18,23.4,9.8,15.8,0.00
2022-04-19,22.7,8.9,16.3,0.00
2022-04-20,23.7,9.2,16.9,0.00
2022-04-21,16.4,10.6,13.5,7.40
2022-04-22,20.3,7.9,14.2,0.00
2022-04-23,20.5,12.3,16.1,0.00
2022-04-24,26.0,13.2,18.3,0.00
2022-04-25,26.3,12.7,18.7,0.50
2022-04-26,20.3,16.4,18.1,93.60
2022-04-27,18.5,12.6,15.6,0.00
2022-04-28,18.4,11.4,14.5,0.00
2022-04-29,13.0,9.8,11.5,21.80
2022-04-30,15.5,7.6,11.8,0.20
2022-05-01,18.2,9.3,13.2,0.00
2022-05-02,18.9,7.2,12.6,4.30
2022-05-03,18.2,5.4,12.3,0.00
2022-05-04,19.8,7.8,14.1,0.00
2022-05-05,21.6,9.9,16.2,0.00
2022-05-06,24.2,13.5,19.1,0.00
2022-05-07,26.2,13.4,18.5,0.00
2022-05-08,18.1,13.5,15.2,0.00
2022-05-09,18.3,12.8,14.8,0.00
2022-05-10,19.0,12.1,15.2,1.50
2022-05-11,23.4,12.4,18.2,0.70
2022-05-12,21.2,16.0,18.3,5.00
2022-05-13,19.8,13.9,16.3,0.40
2022-05-14,24.1,12.5,18.3,0.10
2022-05-15,20.7,12.9,16.2,0.00
2022-05-16,23.9,11.9,17.1,0.00
2022-05-17,25.6,11.0,18.7,0.00
2022-05-18,26.9,12.9,20.1,0.00
2022-05-19,25.3,15.2,20.1,0.00
2022-05-20,25.2,15.9,20.0,0.00
2022-05-21,26.7,14.2,20.7,0.40
2022-05-22,31.1,15.4,23.5,0.00
2022-05-23,26.1,15.9,21.3,0.00
2022-05-24,28.8,16.9,23.1,0.00
2022-05-25,28.4,17.5,22.4,0.00
2022-05-26,28.1,17.9,22.0,0.00
2022-05-27,29.9,15.2,23.0,0.00
2022-05-28,30.3,16.0,23.1,0.00
2022-05-29,28.6,16.2,23.0,0.00
2022-05-30,24.8,18.6,21.5,0.90
2022-05-31,27.6,16.8,21.7,0.00
2022-06-01,28.5,18.3,22.4,0.00
2022-06-02,26.6,15.5,20.9,0.00
2022-06-03,27.8,16.5,21.8,0.00
2022-06-04,24.2,16.6,20.0,0.00
2022-06-05,20.0,16.3,17.8,29.60
2022-06-06,23.1,15.3,18.4,20.80
2022-06-07,19.7,12.9,16.5,2.00
2022-06-08,20.7,14.1,17.0,1.00
2022-06-09,22.1,12.9,17.6,0.00
2022-06-10,23.9,14.3,19.5,0.00
2022-06-11,24.3,18.0,20.4,0.20
2022-06-12,24.1,15.8,19.4,0.00
2022-06-13,21.0,16.7,18.7,0.70
2022-06-14,18.6,17.0,17.8,23.40
2022-06-15,23.3,16.6,19.7,0.70
2022-06-16,27.0,17.9,21.7,0.10
2022-06-17,25.7,17.7,21.8,0.00
2022-06-18,27.6,21.1,23.9,0.00
2022-06-19,27.8,19.9,23.4,0.00
2022-06-20,28.5,20.1,23.9,0.00
2022-06-21,28.8,21.8,24.6,0.30
2022-06-22,29.9,21.1,24.9,0.00
2022-06-23,26.0,22.2,24.0,2.10
2022-06-24,25.3,22.6,23.5,32.60
2022-06-25,25.7,21.6,23.3,4.90
2022-06-26,25.3,21.9,23.3,2.80
2022-06-27,24.4,21.2,22.7,14.70
2022-06-28,26.8,23.5,24.9,1.00
2022-06-29,26.2,23.4,24.4,6.00
2022-06-30,28.6,23.4,25.6,2.40
2022-07-01,30.9,23.4,26.7,0.00
2022-07-02,32.3,22.6,27.0,0.00
2022-07-03,30.7,23.5,27.1,0.60
2022-07-04,30.7,23.9,26.9,1.90
2022-07-05,30.6,24.3,26.8,10.30
2022-07-06,28.9,24.3,26.4,7.10
2022-07-07,29.8,25.1,27.2,0.60
2022-07-08,29.3,25.0,26.7,9.40
2022-07-09,31.8,24.2,27.2,0.90
2022-07-10,29.5,24.4,26.4,0.80
2022-07-11,26.4,23.6,24.9,16.90
2022-07-12,27.9,22.4,24.3,7.30
2022-07-13,25.9,21.5,23.5,1.90
2022-07-14,32.4,23.7,27.2,2.50
2022-07-15,31.9,22.3,26.4,0.50
2022-07-16,30.9,21.9,26.4,1.20
2022-07-17,31.0,23.0,26.4,0.40
2022-07-18,25.3,20.6,23.5,75.50
2022-07-19,28.1,23.2,25.1,3.50
2022-07-20,31.1,22.7,26.4,0.80
2022-07-21,31.1,23.1,26.3,6.40
2022-07-22,29.9,22.0,24.6,4.90
2022-07-23,26.4,21.3,23.7,1.20
2022-07-24,28.9,23.2,25.3,14.20
2022-07-25,28.3,22.4,25.1,2.00
2022-07-26,28.9,23.1,25.1,0.10
2022-07-27,29.0,21.5,25.1,0.00
2022-07-28,30.3,23.6,26.5,0.10
2022-07-29,31.0,24.4,27.5,0.10
2022-07-30,30.0,25.1,26.9,0.80
2022-07-31,27.7,25.4,26.5,16.60
2022-08-01,30.6,25.4,27.6,4.60
2022-08-02,28.7,25.0,26.6,10.50
2022-08-03,30.2,24.5,27.2,5.90
2022-08-04,31.4,24.3,27.7,3.90
2022-08-05,31.5,24.6,27.9,2.90
2022-08-06,32.7,26.0,29.0,2.90
2022-08-07,31.7,25.8,28.4,1.50
2022-08-08,31.6,26.7,28.7,0.00
2022-08-09,30.3,26.5,28.0,0.10
2022-08-10,30.5,26.2,27.7,1.00
2022-08-11,29.1,25.6,26.9,5.30
2022-08-12,32.9,24.7,28.1,12.20
2022-08-13,31.7,25.2,27.8,7.50
2022-08-14,31.6,24.9,27.9,4.30
2022-08-15,31.7,26.6,28.6,2.40
2022-08-16,28.1,24.3,26.4,9.40
2022-08-17,25.4,22.9,24.0,39.30
2022-08-18,27.8,20.1,23.9,0.90
2022-08-19,29.6,21.2,25.7,0.00
2022-08-20,28.4,24.7,26.5,22.00
2022-08-21,28.8,22.2,25.3,0.00
2022-08-22,29.5,18.9,24.3,0.00
2022-08-23,30.6,21.8,25.8,1.40
2022-08-24,23.4,21.3,22.6,18.70
2022-08-25,27.9,18.8,23.2,0.00
2022-08-26,28.3,20.4,23.8,0.00
2022-08-27,27.8,19.4,23.2,0.00
2022-08-28,25.3,18.1,21.4,0.00
2022-08-29,27.7,19.0,22.6,0.00
2022-08-30,25.8,20.3,22.7,10.00
2022-08-31,24.4,21.0,22.6,22.60
2022-09-01,24.9,19.9,21.8,3.90
2022-09-02,22.2,19.8,21.2,31.10
2022-09-03,23.8,21.2,22.4,8.70
2022-09-04,28.7,22.2,25.1,0.90
2022-09-05,27.8,24.2,26.1,9.20
2022-09-06,26.7,19.4,24.3,77.10
2022-09-07,28.1,15.1,21.3,0.00
2022-09-08,25.8,16.3,21.1,0.00
2022-09-09,26.0,18.1,21.7,0.00
2022-09-10,24.0,20.3,21.7,0.20
2022-09-11,27.3,20.2,23.2,0.00
2022-09-12,26.2,20.6,22.9,1.00
2022-09-13,26.7,21.4,23.3,5.10
2022-09-14,26.7,21.6,23.5,0.00
2022-09-15,26.4,21.7,23.4,0.00
2022-09-16,28.4,21.8,24.5,0.00
2022-09-17,28.4,21.1,24.6,1.80
2022-09-18,29.9,22.2,25.5,34.30
2022-09-19,25.8,18.6,23.1,57.10
2022-09-20,21.3,16.6,18.7,0.00
2022-09-21,20.6,13.7,17.2,0.00
2022-09-22,22.7,13.7,18.3,0.00
2022-09-23,25.4,14.7,20.1,0.00
2022-09-24,24.0,13.0,18.0,0.00
2022-09-25,22.0,15.9,18.5,0.70
2022-09-26,23.1,16.7,19.1,0.80
2022-09-27,23.8,17.6,19.9,0.10
2022-09-28,24.7,16.8,20.3,0.20
2022-09-29,25.8,14.0,19.6,0.00
2022-09-30,26.1,13.9,19.6,0.00
2022-10-01,28.6,14.3,20.3,0.00
2022-10-02,25.5,16.1,20.9,0.00
2022-10-03,26.2,21.9,23.9,3.70
2022-10-04,24.9,16.7,22.1,4.80
2022-10-05,19.1,15.9,17.0,0.70
2022-10-06,19.6,15.6,17.1,2.70
2022-10-07,21.0,14.4,16.4,2.20
2022-10-08,19.2,13.4,15.9,0.00
2022-10-09,18.0,14.4,15.8,4.50
2022-10-10,16.9,10.7,13.8,0.00
2022-10-11,17.5,9.1,12.7,0.00
2022-10-12,19.9,6.8,14.0,0.00
2022-10-13,20.8,12.7,16.5,0.00
2022-10-14,21.3,12.3,16.2,0.00
2022-10-15,22.4,12.5,17.1,0.00
2022-10-16,23.7,13.4,18.1,0.00
2022-10-17,21.0,9.7,15.4,0.00
2022-10-18,17.0,6.3,11.0,0.00
2022-10-19,17.2,5.7,10.5,0.00
2022-10-20,19.6,4.5,12.2,0.00
2022-10-21,20.6,7.9,14.6,0.00
2022-10-22,23.1,13.0,17.1,0.10
2022-10-23,21.3,9.7,15.2,0.00
2022-10-24,17.1,8.2,12.4,0.00
2022-10-25,16.9,7.1,11.9,0.00
2022-10-26,18.0,7.5,13.0,0.00
2022-10-27,21.3,8.9,15.0,0.00
2022-10-28,20.9,8.8,14.4,0.00
2022-10-29,18.1,11.5,14.5,0.10
2022-10-30,17.2,11.5,14.0,0.30
2022-10-31,18.8,9.6,13.8,0.00
2022-11-01,21.6,8.7,14.3,0.00
2022-11-02,20.5,6.4,13.4,0.00
2022-11-03,20.6,6.5,13.2,0.00
2022-11-04,14.2,5.5,9.6,0.00
2022-11-05,15.2,2.3,8.0,0.00
2022-11-06,16.3,1.7,9.3,0.00
2022-11-07,17.4,3.0,10.0,0.00
2022-11-08,19.3,4.2,11.3,0.00
2022-11-09,18.6,5.4,11.6,0.00
2022-11-10,21.4,4.9,12.6,0.00
2022-11-11,20.4,11.5,15.1,0.00
2022-11-12,21.9,10.6,16.4,5.30
2022-11-13,20.7,12.7,16.7,5.90
2022-11-14,13.6,7.8,11.8,0.00
2022-11-15,13.7,4.8,9.0,0.00
2022-11-16,15.3,3.7,8.9,0.00
2022-11-17,15.1,5.2,9.5,0.00
2022-11-18,17.3,4.4,10.1,0.00
2022-11-19,18.5,9.7,13.2,0.00
2022-11-20,16.5,10.3,13.2,0.00
2022-11-21,18.7,6.5,12.0,0.00
2022-11-22,16.3,8.8,12.2,5.70
2022-11-23,18.0,9.5,12.8,0.00
2022-11-24,15.8,5.8,9.6,0.00
2022-11-25,16.4,3.9,9.9,0.00
2022-11-26,17.0,6.4,10.6,0.00
2022-11-27,15.5,2.3,8.5,0.00
2022-11-28,20.7,9.6,16.0,2.40
2022-11-29,19.0,7.5,14.7,12.40
2022-11-30,6.6,-3.3,0.2,0.00
2022-12-01,1.7,-3.8,-1.6,0.00
2022-12-02,4.6,-3.1,-0.1,0.00
2022-12-03,7.7,-2.5,2.9,0.00
2022-12-04,7.6,0.5,3.6,0.00
2022-12-05,5.7,-1.9,0.8,0.00
2022-12-06,6.9,-3.5,1.1,0.00
2022-12-07,9.7,-0.3,4.5,0.00
2022-12-08,10.5,-2.5,3.1,0.00
2022-12-09,12.3,-1.8,4.3,0.00
2022-12-10,12.3,-1.7,5.2,0.20
2022-12-11,9.1,1.7,4.9,0.00
2022-12-12,12.1,1.0,5.3,2.90
2022-12-13,8.8,-1.4,3.8,0.00
2022-12-14,2.2,-6.1,-2.3,0.00
2022-12-15,4.1,-6.1,-1.4,0.00
2022-12-16,3.6,-2.7,0.6,0.00
2022-12-17,2.8,-4.7,-1.2,0.00
2022-12-18,-0.8,-7.2,-4.7,0.00
2022-12-19,1.9,-7.3,-3.5,0.00
2022-12-20,4.8,-5.1,-1.4,0.00
2022-12-21,6.2,-2.0,1.5,14.30
2022-12-22,0.9,-5.7,-1.8,0.20
2022-12-23,-1.7,-7.9,-5.3,0.00
2022-12-24,3.7,-9.9,-4.2,0.00
2022-12-25,4.8,-5.0,-1.4,0.00
2022-12-26,5.5,-3.8,-0.5,0.00
2022-12-27,7.0,-4.6,-0.0,0.00
2022-12-28,5.8,-2.9,0.1,0.00
2022-12-29,4.7,-3.9,-0.7,0.00
2022-12-30,4.7,-5.0,-0.8,0.00
2022-12-31,6.0,-3.4,0.0,0.00
2023-01-01,7.3,-4.9,0.4,0.00
2023-01-02,3.9,-3.7,-0.2,0.00
2023-01-03,4.2,-4.6,-1.2,0.00
2023-01-04,6.5,-4.1,-0.3,0.00
2023-01-05,7.2,-4.8,0.4,0.00
2023-01-06,7.9,-3.3,1.7,0.00
2023-01-07,7.9,-1.0,3.1,0.00
2023-01-08,8.9,-3.0,1.8,0.00
2023-01-09,12.7,-0.5,4.5,0.00
2023-01-10,10.0,-1.3,3.7,0.00
2023-01-11,11.1,-1.6,4.4,0.00
2023-01-12,14.0,-2.3,6.2,1.10
2023-01-13,15.1,11.8,13.6,61.00
2023-01-14,12.5,7.4,9.9,1.40
2023-01-15,7.8,0.6,5.5,3.10
2023-01-16,4.6,-3.4,-0.6,0.00
2023-01-17,4.3,-5.1,-1.0,0.00
2023-01-18,5.2,-2.8,0.4,0.00
2023-01-19,4.8,-5.0,-0.4,0.00
2023-01-20,5.6,-3.4,0.8,0.00
2023-01-21,3.5,-6.4,-2.3,0.00
2023-01-22,6.3,-5.0,0.4,0.20
2023-01-23,9.4,-3.0,2.8,0.00
2023-01-24,1.3,-10.5,-6.1,0.00
2023-01-25,-2.0,-13.6,-8.5,0.00
2023-01-26,5.0,-8.9,-2.4,0.00
2023-01-27,0.8,-5.8,-2.5,0.10
2023-01-28,1.0,-8.6,-4.4,0.00
2023-01-29,4.6,-5.1,-0.9,0.00
2023-01-30,4.9,-3.7,-0.1,0.00
2023-01-31,7.3,-6.2,0.6,0.00
2023-02-01,13.0,0.6,5.1,0.00
2023-02-02,7.5,-3.8,1.4,0.00
2023-02-03,8.0,-1.5,2.2,0.00
2023-02-04,6.1,-3.6,0.6,0.00
2023-02-05,8.5,-5.3,0.7,0.00
2023-02-06,9.6,-5.1,2.5,0.00
2023-02-07,12.5,1.7,6.4,0.00
2023-02-08,11.7,-0.1,5.0,0.00
2023-02-09,10.0,-0.5,5.1,2.00
2023-02-10,10.7,0.6,6.0,22.30
2023-02-11,10.2,-2.4,3.8,0.00
2023-02-12,12.2,-2.1,4.8,1.90
2023-02-13,8.0,3.2,6.4,2.80
2023-02-14,10.2,1.6,4.9,0.00
2023-02-15,4.9,1.6,2.9,0.00
2023-02-16,8.2,1.7,4.5,0.00
2023-02-17,10.3,-1.8,4.5,0.70
2023-02-18,14.4,5.3,8.8,4.90
2023-02-19,10.9,2.3,8.0,2.30
2023-02-20,8.2,-3.3,1.8,0.00
2023-02-21,5.9,-5.3,0.2,0.00
2023-02-22,8.6,-2.5,3.6,0.00
2023-02-23,12.3,3.3,6.9,1.60
2023-02-24,12.6,3.6,7.0,0.00
2023-02-25,8.7,-2.8,3.0,0.00
2023-02-26,9.6,-4.6,2.6,0.00
2023-02-27,12.4,-4.0,4.2,0.00
2023-02-28,13.0,0.5,6.8,0.00
2023-03-01,10.8,4.4,7.7,2.90
2023-03-02,8.1,-1.5,3.3,0.00
2023-03-03,12.5,-3.0,4.0,0.00
2023-03-04,14.8,-1.6,6.6,0.00
2023-03-05,13.8,2.5,8.3,0.00
2023-03-06,16.0,1.8,8.7,0.00
2023-03-07,17.4,2.4,9.8,0.00
2023-03-08,17.3,5.7,11.5,0.00
2023-03-09,19.3,9.3,14.2,0.50
2023-03-10,18.9,7.1,12.7,0.00
2023-03-11,21.8,7.3,13.6,0.00
2023-03-12,18.0,4.1,12.4,9.10
2023-03-13,10.3,-1.6,4.0,0.00
2023-03-14,12.7,0.8,7.3,0.00
2023-03-15,16.4,6.4,11.9,3.90
2023-03-16,16.0,5.4,10.4,0.00
2023-03-17,12.9,6.3,8.9,0.20
2023-03-18,15.3,6.8,10.0,0.00
2023-03-19,16.7,2.2,9.4,0.00
2023-03-20,16.4,4.4,10.4,0.00
2023-03-21,17.7,7.9,12.4,0.40
2023-03-22,19.7,10.9,14.9,7.60
2023-03-23,16.2,13.4,14.7,36.60
2023-03-24,13.5,9.1,11.9,5.00
2023-03-25,14.8,8.2,10.4,1.00
2023-03-26,15.5,8.0,10.5,2.30
2023-03-27,15.5,4.1,9.5,0.00
2023-03-28,16.1,2.0,9.6,0.00
2023-03-29,17.0,4.3,11.1,0.00
2023-03-30,20.5,6.1,13.0,0.00
2023-03-31,23.0,8.7,14.9,0.00
2023-04-01,19.4,7.9,13.5,0.00
2023-04-02,18.5,9.1,13.3,0.00
2023-04-03,17.6,9.6,12.9,0.00
2023-04-04,18.6,9.6,14.3,1.10
2023-04-05,15.8,14.0,14.8,46.40
2023-04-06,15.3,8.2,11.9,0.40
2023-04-07,18.6,8.3,12.5,9.10
2023-04-08,15.1,2.4,8.8,0.00
2023-04-09,16.7,1.7,9.6,0.00
2023-04-10,16.9,5.4,11.6,0.00
2023-04-11,20.7,11.8,16.2,0.20
2023-04-12,18.5,8.0,13.2,0.00
2023-04-13,19.8,5.4,12.8,0.00
2023-04-14,17.7,8.7,13.2,4.40
2023-04-15,16.2,9.9,13.2,2.80
2023-04-16,15.8,6.8,10.8,2.70
2023-04-17,17.4,4.5,11.2,0.00
2023-04-18,19.4,10.2,15.7,5.90
2023-04-19,18.6,14.7,16.6,2.80
2023-04-20,26.3,13.5,18.8,0.00
2023-04-21,18.2,11.4,15.8,0.00
2023-04-22,15.4,10.7,12.6,0.00
2023-04-23,15.7,9.0,11.9,0.00
2023-04-24,14.0,10.6,12.2,0.00
2023-04-25,12.0,9.3,10.6,14.90
2023-04-26,18.7,6.8,12.2,0.10
2023-04-27,17.8,6.0,12.5,0.00
2023-04-28,19.2,8.0,14.6,0.30
2023-04-29,20.2,12.7,16.7,20.70
2023-04-30,19.2,7.8,13.7,0.00
2023-05-01,21.4,9.1,14.8,0.00
2023-05-02,20.9,8.6,15.0,0.00
2023-05-03,19.5,11.3,15.7,0.40
2023-05-04,20.4,13.6,16.8,6.60
2023-05-05,20.0,16.1,18.0,57.00
2023-05-06,18.8,11.5,15.4,47.30
2023-05-07,13.4,10.1,11.8,10.60
2023-05-08,18.1,6.9,12.5,0.00
2023-05-09,23.1,7.1,14.9,0.00
2023-05-10,23.7,10.2,16.6,0.00
2023-05-11,20.3,11.9,15.8,0.00
2023-05-12,20.9,10.7,16.1,0.70
2023-05-13,16.4,13.0,14.9,15.80
2023-05-14,21.3,10.1,16.4,0.00
2023-05-15,23.6,12.0,17.9,0.00
2023-05-16,25.1,13.4,18.8,0.00
2023-05-17,24.7,13.2,19.7,0.00
2023-05-18,20.5,15.6,18.2,21.40
2023-05-19,21.8,15.3,17.8,8.10
2023-05-20,22.5,12.7,17.2,0.00
2023-05-21,25.8,13.9,20.0,0.00
2023-05-22,21.9,14.4,17.0,3.70
2023-05-23,22.3,10.7,16.4,0.00
2023-05-24,21.6,11.6,16.8,0.00
2023-05-25,22.0,13.2,17.9,0.00
2023-05-26,22.3,15.3,18.9,1.20
2023-05-27,24.4,16.6,20.5,1.60
2023-05-28,21.2,18.2,20.0,7.10
2023-05-29,22.8,18.7,20.6,60.90
2023-05-30,21.3,17.0,18.7,17.30
2023-05-31,22.3,15.6,18.5,0.00
2023-06-01,20.2,14.3,17.6,64.20
2023-06-02,29.4,17.6,22.1,6.40
2023-06-03,24.3,15.4,20.0,0.00
2023-06-04,26.8,15.8,20.7,0.00
2023-06-05,26.1,17.0,21.4,0.00
2023-06-06,22.0,17.2,19.2,0.20
2023-06-07,25.2,15.4,20.2,0.00
2023-06-08,22.8,17.5,19.7,0.20
2023-06-09,25.8,16.3,20.5,0.00
2023-06-10,25.2,17.1,21.1,0.00
2023-06-11,24.6,18.0,21.2,3.70
2023-06-12,25.8,19.0,21.6,2.30
2023-06-13,25.1,18.4,21.5,2.00
2023-06-14,25.2,18.1,21.6,9.50
2023-06-15,24.3,15.6,19.8,11.90
2023-06-16,28.5,16.6,22.5,0.00
2023-06-17,28.0,18.2,23.2,0.00
2023-06-18,30.9,19.7,24.5,0.00
2023-06-19,29.0,19.2,23.4,0.00
2023-06-20,27.0,18.6,22.1,0.40
2023-06-21,23.8,20.4,21.7,31.50
2023-06-22,26.0,19.9,22.5,2.50
2023-06-23,26.3,19.4,22.3,0.40
2023-06-24,26.3,18.9,21.7,0.00
2023-06-25,24.5,18.4,21.3,36.50
2023-06-26,24.8,20.8,22.9,24.70
2023-06-27,25.5,21.9,23.5,15.50
2023-06-28,27.2,20.3,23.2,63.40
2023-06-29,26.0,22.4,23.8,6.90
2023-06-30,25.6,21.9,23.4,15.90
2023-07-01,25.6,20.8,22.7,1.60
2023-07-02,28.9,19.9,23.8,0.00
2023-07-03,26.9,22.4,24.3,0.40
2023-07-04,26.9,20.8,23.3,14.20
2023-07-05,31.5,22.7,26.0,38.10
2023-07-06,28.9,19.6,23.9,0.00
2023-07-07,25.4,19.3,22.9,20.60
2023-07-08,25.9,20.3,22.9,20.20
2023-07-09,28.2,21.7,24.5,1.60
2023-07-10,27.2,22.3,24.8,1.30
2023-07-11,26.0,22.7,24.0,6.40
2023-07-12,27.5,22.0,24.0,122.50
2023-07-13,25.9,22.7,24.3,20.30
2023-07-14,26.0,23.6,24.9,21.80
2023-07-15,29.0,23.7,26.1,6.90
2023-07-16,29.1,22.7,24.7,38.20
2023-07-17,29.0,23.2,25.9,7.70
2023-07-18,26.3,23.1,24.3,65.60
2023-07-19,27.3,22.0,24.0,7.50
2023-07-20,29.1,21.1,24.4,0.30
2023-07-21,28.5,21.6,24.7,0.00
2023-07-22,28.2,21.6,24.6,0.70
2023-07-23,27.9,24.2,25.8,7.80
2023-07-24,28.0,24.2,25.7,5.80
2023-07-25,28.7,23.9,25.9,3.70
2023-07-26,29.8,23.7,26.3,2.70
2023-07-27,32.1,23.2,27.7,0.00
2023-07-28,32.2,25.0,28.5,0.10
2023-07-29,33.4,24.5,28.8,0.00
2023-07-30,31.6,25.0,28.1,0.00
2023-07-31,33.0,24.2,28.3,0.80
2023-08-01,32.3,24.3,28.2,0.00
2023-08-02,33.0,24.4,28.7,0.00
2023-08-03,33.8,24.9,29.5,0.00
2023-08-04,34.2,25.6,29.6,0.00
2023-08-05,33.5,25.6,29.6,0.00
2023-08-06,34.0,26.3,29.8,0.10
2023-08-07,34.7,26.2,29.6,0.00
2023-08-08,33.3,25.3,28.4,0.00
2023-08-09,26.6,24.3,25.6,28.20
2023-08-10,26.6,23.6,25.4,115.80
2023-08-11,28.8,23.4,26.0,2.40
2023-08-12,29.6,24.3,26.4,2.40
2023-08-13,30.4,21.5,25.6,0.10
2023-08-14,30.7,23.4,26.3,0.60
2023-08-15,31.8,22.8,26.6,0.00
2023-08-16,27.8,23.3,25.0,0.90
2023-08-17,27.5,22.6,25.0,0.80
2023-08-18,28.9,23.0,25.5,22.30
2023-08-19,29.6,23.8,26.3,13.10
2023-08-20,31.1,24.6,27.4,5.10
2023-08-21,30.9,23.3,27.1,0.10
2023-08-22,30.2,24.0,27.1,1.90
2023-08-23,30.6,24.9,27.4,2.50
2023-08-24,27.6,23.5,24.9,61.30
2023-08-25,30.2,22.5,26.3,0.80
2023-08-26,29.9,22.5,26.0,0.10
2023-08-27,30.3,22.7,25.6,0.20
2023-08-28,28.9,23.5,25.9,1.10
2023-08-29,28.1,24.5,25.9,17.30
2023-08-30,27.8,23.8,25.9,7.10
2023-08-31,28.0,23.9,25.3,11.60
2023-09-01,26.6,22.5,24.1,83.40
2023-09-02,28.3,22.3,24.3,29.60
2023-09-03,29.3,22.1,25.2,1.40
2023-09-04,29.2,22.7,25.7,0.90
2023-09-05,29.0,22.1,25.2,0.00
2023-09-06,28.3,22.1,24.9,0.80
2023-09-07,28.4,20.5,23.7,0.20
2023-09-08,26.9,20.0,23.0,0.00
2023-09-09,27.2,16.8,22.0,0.00
2023-09-10,27.8,18.3,22.9,0.30
2023-09-11,27.9,20.0,23.8,3.00
2023-09-12,28.2,21.0,24.4,0.80
2023-09-13,26.7,21.1,23.8,2.90
2023-09-14,25.2,21.7,22.9,7.30
2023-09-15,27.5,21.7,24.3,7.40
2023-09-16,25.9,21.8,23.8,10.00
2023-09-17,26.1,22.7,24.0,14.90
2023-09-18,28.1,20.7,24.2,1.60
2023-09-19,29.1,20.6,24.1,0.00
2023-09-20,25.4,19.3,22.6,22.90
2023-09-21,24.7,18.6,21.2,13.60
2023-09-22,24.2,18.3,20.6,0.40
2023-09-23,24.8,15.3,20.1,0.00
2023-09-24,24.5,18.9,21.2,0.00
2023-09-25,25.4,19.4,21.9,0.80
2023-09-26,24.8,19.6,22.2,4.30
2023-09-27,26.7,19.9,23.5,0.50
2023-09-28,27.7,19.6,23.3,0.00
2023-09-29,27.2,16.3,21.3,1.10
2023-09-30,21.5,16.4,18.8,5.10
2023-10-01,23.4,14.5,18.4,0.00
2023-10-02,23.6,12.9,17.4,0.00
2023-10-03,22.7,15.7,18.4,0.00
2023-10-04,24.1,12.8,18.1,0.00
2023-10-05,19.6,12.4,16.1,0.00
2023-10-06,21.1,8.4,14.9,0.00
2023-10-07,21.0,14.4,17.5,0.80
2023-10-08,21.0,16.0,17.8,3.00
2023-10-09,21.7,16.0,18.5,0.10
2023-10-10,22.5,13.4,17.1,0.00
2023-10-11,21.6,14.0,17.2,0.00
2023-10-12,22.3,11.9,16.6,0.00
2023-10-13,21.9,14.0,17.6,0.00
2023-10-14,22.2,11.6,16.9,0.00
2023-10-15,22.1,11.3,16.0,0.00
2023-10-16,21.3,10.9,15.7,0.00
2023-10-17,21.4,8.7,14.9,0.00
2023-10-18,21.8,8.6,15.1,0.00
2023-10-19,22.9,12.5,17.2,0.50
2023-10-20,17.7,9.3,14.0,1.30
2023-10-21,17.4,7.1,11.6,0.00
2023-10-22,18.1,5.0,12.2,0.00
2023-10-23,21.0,6.5,13.8,0.00
2023-10-24,20.2,8.1,13.8,0.00
2023-10-25,22.6,8.4,15.1,0.20
2023-10-26,23.3,9.1,15.6,0.00
2023-10-27,20.8,10.9,14.9,0.00
2023-10-28,20.7,7.6,13.8,0.00
2023-10-29,20.4,10.1,14.5,0.00
2023-10-30,21.4,8.4,14.2,0.00
2023-10-31,22.9,7.6,14.6,0.00
2023-11-01,22.5,8.3,15.6,0.00
2023-11-02,24.9,12.4,17.5,0.00
2023-11-03,23.9,14.3,18.9,0.00
2023-11-04,22.0,16.0,18.6,5.80
2023-11-05,22.2,14.6,18.8,0.30
2023-11-06,21.1,11.5,18.2,16.30
2023-11-07,14.4,6.9,10.6,0.00
2023-11-08,16.8,2.0,9.3,0.00
2023-11-09,20.1,7.5,13.8,0.00
2023-11-10,15.0,5.0,11.3,4.10
2023-11-11,13.7,3.2,7.3,0.00
2023-11-12,8.1,1.7,4.0,0.00
2023-11-13,8.9,-0.9,3.4,0.00
2023-11-14,11.7,-0.2,5.0,0.00
2023-11-15,13.3,1.9,6.6,0.00
2023-11-16,12.8,1.8,7.1,9.70
2023-11-17,10.5,1.7,5.3,0.00
2023-11-18,7.7,-1.3,2.9,0.00
2023-11-19,12.3,-0.2,6.3,0.00
2023-11-20,13.8,2.2,7.2,0.00
2023-11-21,14.7,1.2,7.4,0.00
2023-11-22,17.6,3.9,9.9,0.00
2023-11-23,19.3,10.0,13.7,0.00
2023-11-24,10.4,-0.5,3.9,0.00
2023-11-25,7.0,-4.5,1.0,0.00
2023-11-26,11.1,-1.8,4.1,0.00
2023-11-27,14.9,1.9,8.3,0.00
2023-11-28,10.3,1.4,6.1,0.00
2023-11-29,8.6,-1.1,4.4,0.00
2023-11-30,5.8,-4.3,-0.1,0.00
2023-12-01,5.6,-3.0,0.1,0.00
2023-12-02,8.3,-3.2,2.2,0.00
2023-12-03,9.7,-0.9,4.3,0.00
2023-12-04,11.0,-3.9,3.3,0.00
2023-12-05,13.4,1.0,6.2,0.00
2023-12-06,13.3,-2.0,6.4,0.90
2023-12-07,11.3,2.9,6.8,0.00
2023-12-08,17.7,3.3,11.1,0.00
2023-12-09,19.3,9.8,14.0,0.00
2023-12-10,17.9,6.5,11.8,0.00
2023-12-11,14.9,12.1,13.7,33.30
2023-12-12,13.4,6.7,9.1,2.30
2023-12-13,13.1,4.6,8.6,0.00
2023-12-14,13.8,8.1,10.9,29.40
2023-12-15,16.6,7.5,12.3,30.90
2023-12-16,8.1,-2.4,3.4,0.60
2023-12-17,-1.8,-8.1,-5.0,0.00
2023-12-18,1.7,-7.4,-3.3,0.10
2023-12-19,5.3,-4.3,-0.3,0.30
2023-12-20,2.4,-4.9,-1.4,0.00
2023-12-21,-2.3,-8.2,-5.7,0.00
2023-12-22,-3.1,-9.1,-6.3,0.00
2023-12-23,1.6,-7.2,-3.9,0.00
2023-12-24,4.8,-5.8,-1.4,0.10
2023-12-25,4.2,-5.2,-1.4,0.00
2023-12-26,7.0,-4.1,0.7,0.00
2023-12-27,9.9,-3.9,2.8,0.00
2023-12-28,9.9,-3.2,2.6,0.00
2023-12-29,8.5,-4.5,2.0,0.00
2023-12-30,10.1,-4.5,3.1,1.50
2023-12-31,8.9,2.0,5.4,1.40
2024-01-01,9.5,-0.3,4.2,0.00
2024-01-02,9.9,1.3,4.8,0.00
2024-01-03,7.3,0.5,3.3,0.60
2024-01-04,7.5,-3.8,1.6,0.00
2024-01-05,11.3,-1.5,4.0,0.00
2024-01-06,7.9,-1.9,2.6,0.00
2024-01-07,2.7,-4.1,-0.8,0.00
2024-01-08,3.6,-7.5,-2.4,0.00
2024-01-09,5.4,-5.6,-0.3,1.50
2024-01-10,8.5,-1.0,3.4,5.70
2024-01-11,8.1,-3.9,1.7,0.00
2024-01-12,9.3,-3.3,2.5,0.00
2024-01-13,6.4,-2.5,0.9,0.00
2024-01-14,12.2,-3.8,4.7,0.00
2024-01-15,7.5,-4.3,1.6,0.00
2024-01-16,7.5,-6.3,0.5,0.00
2024-01-17,8.6,-3.6,2.8,0.30
2024-01-18,11.4,6.9,9.0,16.80
2024-01-19,7.8,5.7,6.6,0.40
2024-01-20,8.3,5.8,7.2,24.80
2024-01-21,8.6,5.5,6.5,2.20
2024-01-22,5.3,-5.8,-0.4,1.10
2024-01-23,-1.7,-8.9,-6.1,0.00
2024-01-24,-1.1,-10.0,-5.7,0.00
2024-01-25,2.0,-7.7,-3.6,0.00
2024-01-26,6.1,-4.2,-0.4,0.00
2024-01-27,7.5,-3.2,0.7,0.00
2024-01-28,6.0,-4.4,0.5,0.00
2024-01-29,7.2,-6.1,-0.6,0.00
2024-01-30,9.3,-6.6,1.2,0.00
2024-01-31,11.3,3.3,6.5,0.10
2024-02-01,7.4,4.6,5.8,3.50
2024-02-02,8.1,3.3,5.1,0.20
2024-02-03,8.6,3.9,5.7,3.80
2024-02-04,9.2,4.8,6.7,2.50
2024-02-05,7.0,3.4,5.9,18.80
2024-02-06,7.2,2.3,4.2,0.40
2024-02-07,7.6,-1.9,2.5,0.00
2024-02-08,8.6,-3.4,2.4,0.00
2024-02-09,9.2,-1.3,3.0,0.00
2024-02-10,8.6,-2.3,2.3,0.00
2024-02-11,9.1,-3.2,2.2,0.00
2024-02-12,9.3,-3.5,2.6,0.00
2024-02-13,14.9,-0.4,7.0,0.00
2024-02-14,14.8,6.3,11.1,3.80
2024-02-15,17.4,3.5,10.3,1.10
2024-02-16,8.3,0.2,3.8,0.00
2024-02-17,11.5,-3.4,4.2,0.00
2024-02-18,14.3,1.3,8.7,10.10
2024-02-19,20.3,12.4,15.6,43.60
2024-02-20,11.2,6.7,8.6,5.10
2024-02-21,8.3,5.6,6.9,7.50
2024-02-22,5.6,2.9,4.1,4.30
2024-02-23,6.1,2.0,3.4,0.30
2024-02-24,6.7,2.1,4.2,0.80
2024-02-25,8.0,2.9,4.8,2.60
2024-02-26,8.7,0.2,4.1,0.00
2024-02-27,7.1,1.4,3.7,0.00
2024-02-28,10.5,-0.8,4.5,0.00
2024-02-29,6.7,3.0,5.0,10.60
2024-03-01,3.7,-3.7,0.5,0.00
2024-03-02,4.1,-6.8,-1.3,0.00
2024-03-03,9.4,-1.2,4.4,0.00
2024-03-04,12.5,-2.2,5.8,0.00
2024-03-05,8.6,7.1,7.8,12.50
2024-03-06,10.2,4.7,7.1,0.00
2024-03-07,8.5,2.6,5.6,0.90
2024-03-08,8.8,-1.0,3.3,0.00
2024-03-09,8.1,-3.8,1.9,0.00
2024-03-10,11.0,-3.9,3.6,0.00
2024-03-11,12.1,-0.6,6.0,4.90
2024-03-12,12.8,1.3,6.6,8.00
2024-03-13,12.9,-1.8,5.4,0.00
2024-03-14,15.1,0.3,7.2,0.00
2024-03-15,17.2,0.2,8.2,0.00
2024-03-16,17.1,1.6,10.0,0.00
2024-03-17,18.8,7.6,12.2,0.00
2024-03-18,12.8,2.6,7.5,0.00
2024-03-19,15.4,4.6,9.7,1.00
2024-03-20,10.1,1.5,5.2,0.00
2024-03-21,11.1,-1.2,4.8,0.00
2024-03-22,13.2,2.0,9.0,4.70
2024-03-23,21.8,11.2,15.2,7.70
2024-03-24,11.9,9.7,10.5,4.70
2024-03-25,11.9,8.5,10.2,7.60
2024-03-26,9.7,4.5,7.5,15.50
2024-03-27,13.7,0.6,7.8,0.00
2024-03-28,13.8,9.1,11.6,52.10
2024-03-29,16.4,3.5,11.0,0.00
2024-03-30,16.8,4.8,11.4,2.10
2024-03-31,16.0,4.7,10.5,0.00
2024-04-01,19.9,4.9,11.9,0.00
2024-04-02,19.4,7.1,13.3,4.30
2024-04-03,14.5,10.5,12.6,52.70
2024-04-04,15.1,7.9,11.4,0.00
2024-04-05,15.8,8.0,11.5,0.00
2024-04-06,18.7,6.3,12.1,0.00
2024-04-07,21.5,7.5,14.2,0.00
2024-04-08,20.6,10.6,15.2,0.90
2024-04-09,14.6,7.8,11.4,0.60
2024-04-10,14.8,5.9,10.4,0.00
2024-04-11,18.0,7.5,12.6,0.00
2024-04-12,21.0,7.7,14.6,0.00
2024-04-13,23.1,9.8,16.3,0.00
2024-04-14,21.7,10.5,16.5,0.00
2024-04-15,17.9,13.1,15.5,13.30
2024-04-16,22.7,12.4,16.2,0.00
2024-04-17,20.2,9.0,14.4,0.00
2024-04-18,22.1,9.3,15.1,0.00
2024-04-19,23.5,9.1,16.0,0.00
2024-04-20,16.8,12.3,14.5,10.00
2024-04-21,16.2,14.1,15.0,2.40
2024-04-22,17.4,12.7,14.6,0.00
2024-04-23,16.9,11.8,13.7,11.40
2024-04-24,19.7,10.2,14.1,1.50
2024-04-25,23.4,7.9,14.9,0.00
2024-04-26,18.4,10.8,14.6,0.00
2024-04-27,24.4,9.6,17.1,0.00
2024-04-28,23.0,13.0,17.8,0.00
2024-04-29,15.9,13.7,14.3,31.50
2024-04-30,19.9,11.3,15.5,1.10
2024-05-01,14.3,10.3,12.8,0.60
2024-05-02,19.5,8.2,13.1,0.00
2024-05-03,21.1,7.5,14.6,0.00
2024-05-04,22.7,9.2,16.9,0.00
2024-05-05,19.3,17.2,17.9,36.60
2024-05-06,20.5,15.1,18.0,27.50
2024-05-07,18.7,11.9,14.7,6.20
2024-05-08,16.4,9.2,12.8,1.90
2024-05-09,19.5,6.4,13.7,0.00
2024-05-10,23.6,10.2,16.7,0.00
2024-05-11,20.8,13.8,17.7,1.20
2024-05-12,23.5,15.7,19.2,14.50
2024-05-13,22.1,11.0,16.2,0.00
2024-05-14,24.6,10.3,17.4,0.00
2024-05-15,22.9,11.8,17.3,4.00
2024-05-16,20.6,8.2,14.3,1.80
2024-05-17,23.0,9.4,16.4,0.00
2024-05-18,24.4,11.3,17.9,0.00
2024-05-19,28.9,12.0,19.6,0.00
2024-05-20,29.5,13.1,19.7,0.00
2024-05-21,21.8,13.8,17.0,0.00
2024-05-22,24.2,11.7,17.7,0.00
2024-05-23,27.7,14.4,21.1,0.00
2024-05-24,24.9,15.9,19.7,0.00
2024-05-25,21.4,15.1,17.7,0.00
2024-05-26,23.5,13.4,18.9,8.60
2024-05-27,26.5,18.8,21.5,10.70
2024-05-28,23.7,14.5,18.7,0.00
2024-05-29,24.5,10.9,17.8,0.00
2024-05-30,24.6,15.7,19.5,0.00
2024-05-31,26.7,16.6,20.3,0.10
2024-06-01,26.7,15.8,20.3,0.20
2024-06-02,24.3,14.3,18.8,1.10
2024-06-03,21.7,14.1,18.0,1.10
2024-06-04,24.1,13.0,18.2,0.00
2024-06-05,24.5,11.9,18.6,0.00
2024-06-06,24.2,15.6,19.8,0.00
2024-06-07,27.0,16.9,21.8,0.00
2024-06-08,23.1,18.4,20.0,25.90
2024-06-09,23.6,18.1,20.7,3.60
2024-06-10,27.4,16.9,21.7,0.00
2024-06-11,29.7,16.8,22.7,0.00
2024-06-12,29.1,17.7,23.4,0.00
2024-06-13,30.9,19.6,24.7,0.00
2024-06-14,29.0,19.6,24.5,0.00
2024-06-15,31.2,20.4,25.4,1.30
2024-06-16,32.1,19.2,24.6,1.50
2024-06-17,27.5,18.9,23.1,0.00
2024-06-18,31.7,17.1,24.6,0.10
2024-06-19,32.8,21.1,26.3,0.00
2024-06-20,25.8,19.8,22.8,0.40
2024-06-21,27.8,20.0,23.7,0.00
2024-06-22,23.8,21.8,22.7,55.50
2024-06-23,27.8,22.2,24.2,2.10
2024-06-24,26.8,20.8,23.4,0.10
2024-06-25,27.2,19.8,22.8,0.00
2024-06-26,26.2,17.9,22.1,0.00
2024-06-27,24.0,17.4,20.7,7.30
2024-06-28,27.4,18.7,22.7,0.60
2024-06-29,25.1,19.8,22.5,99.60
2024-06-30,24.1,22.9,23.5,36.90
2024-07-01,27.7,22.2,24.6,0.60
2024-07-02,27.1,21.9,23.9,26.50
2024-07-03,28.5,24.0,25.6,1.60
2024-07-04,30.2,22.6,25.6,0.00
2024-07-05,29.0,23.3,25.7,0.20
2024-07-06,27.6,23.4,25.2,0.60
2024-07-07,29.3,24.0,25.9,0.10
2024-07-08,27.8,24.1,25.3,0.40
2024-07-09,27.8,22.7,24.9,19.60
2024-07-10,27.8,21.8,24.7,27.00
2024-07-11,25.5,21.1,22.9,0.40
2024-07-12,29.1,21.3,24.5,0.30
2024-07-13,26.8,21.1,24.1,0.80
2024-07-14,26.1,21.8,23.6,29.30
2024-07-15,28.2,21.7,23.9,8.70
2024-07-16,25.5,22.1,23.3,21.40
2024-07-17,28.9,23.3,25.4,2.70
2024-07-18,26.3,23.5,24.8,13.20
2024-07-19,27.4,23.3,24.6,32.20
2024-07-20,27.7,22.5,25.5,1.10
2024-07-21,30.7,25.4,27.5,1.70
2024-07-22,30.5,25.2,27.3,1.10
2024-07-23,30.0,24.6,27.4,5.80
2024-07-24,28.1,23.4,25.5,16.10
2024-07-25,31.1,24.4,27.5,4.50
2024-07-26,31.4,24.0,27.3,3.00
2024-07-27,30.5,25.1,27.8,3.60
2024-07-28,31.2,25.7,28.1,1.30
2024-07-29,33.4,25.4,28.3,0.00
2024-07-30,34.5,23.6,28.8,0.00
2024-07-31,33.5,25.5,28.9,0.00
2024-08-01,32.0,24.8,28.4,0.00
2024-08-02,32.8,25.6,28.9,0.00
2024-08-03,34.8,26.6,30.2,3.50
2024-08-04,33.0,26.4,29.0,2.70
2024-08-05,31.7,25.4,28.3,2.30
2024-08-06,31.5,24.3,27.4,3.30
2024-08-07,32.2,25.2,28.3,2.10
2024-08-08,33.1,25.1,28.2,16.40
2024-08-09,31.8,24.4,27.6,1.20
2024-08-10,31.5,24.1,27.4,0.00
2024-08-11,31.5,23.4,27.0,0.00
2024-08-12,31.1,23.3,27.0,0.00
2024-08-13,31.6,23.3,27.2,0.00
2024-08-14,31.1,23.6,27.3,1.30
2024-08-15,31.0,24.1,27.3,5.20
2024-08-16,31.2,23.9,27.3,0.70
2024-08-17,30.7,24.3,27.3,1.60
2024-08-18,30.4,23.9,26.9,0.00
2024-08-19,32.1,23.8,28.0,1.60
2024-08-20,30.2,24.4,27.4,42.20
2024-08-21,29.8,25.5,27.6,23.90
2024-08-22,30.4,26.8,28.3,4.90
2024-08-23,31.7,24.4,28.1,0.00
2024-08-24,31.9,24.2,27.8,0.20
2024-08-25,30.8,23.8,27.3,3.10
2024-08-26,30.9,23.9,27.3,4.30
2024-08-27,28.1,23.1,25.4,1.40
2024-08-28,29.2,23.3,25.4,4.70
2024-08-29,28.9,23.7,25.9,5.10
2024-08-30,31.7,24.5,27.3,0.20
2024-08-31,30.3,21.3,25.5,0.00
2024-09-01,30.2,21.6,25.5,0.00
2024-09-02,29.1,23.0,25.7,1.80
2024-09-03,26.5,22.3,24.3,0.30
2024-09-04,28.0,21.1,24.1,0.00
2024-09-05,30.3,18.4,24.6,0.00
2024-09-06,29.4,22.9,25.9,2.60
2024-09-07,29.3,22.2,26.1,2.40
2024-09-08,29.9,23.3,26.3,3.90
2024-09-09,30.5,23.8,26.6,0.00
2024-09-10,31.9,23.9,27.6,0.00
2024-09-11,28.5,24.8,26.3,26.80
2024-09-12,30.1,23.3,26.5,0.50
2024-09-13,30.8,24.1,27.1,0.40
2024-09-14,31.6,23.8,27.4,0.40
2024-09-15,29.2,24.7,26.7,1.00
2024-09-16,30.7,25.0,27.2,1.50
2024-09-17,32.0,23.8,27.8,1.90
2024-09-18,32.3,25.6,28.5,0.00
2024-09-19,32.0,23.9,27.9,0.00
2024-09-20,29.8,25.2,26.6,25.20
2024-09-21,25.1,21.1,23.3,170.70
2024-09-22,24.5,20.0,21.9,0.20
2024-09-23,23.3,17.6,20.5,0.00
2024-09-24,24.8,17.1,20.7,0.00
2024-09-25,26.1,19.4,22.2,0.10
2024-09-26,27.7,18.8,22.9,0.50
2024-09-27,27.2,19.6,22.8,1.80
2024-09-28,26.3,20.1,22.7,0.60
2024-09-29,25.0,19.2,22.1,0.10
2024-09-30,26.0,17.8,21.4,0.10
2024-10-01,27.1,17.3,21.3,0.90
2024-10-02,20.8,14.6,17.3,0.10
2024-10-03,19.4,15.9,17.5,10.80
2024-10-04,22.3,14.4,17.7,1.20
2024-10-05,23.1,13.9,18.3,0.00
2024-10-06,22.0,15.6,18.6,6.00
2024-10-07,18.7,14.8,16.5,8.40
2024-10-08,22.9,15.3,18.1,1.30
2024-10-09,21.0,15.5,17.8,0.60
2024-10-10,23.3,13.2,17.5,0.20
2024-10-11,22.7,12.1,17.3,0.00
2024-10-12,23.8,11.5,17.3,0.00
2024-10-13,23.4,13.3,18.7,0.00
2024-10-14,22.2,18.6,20.1,15.40
2024-10-15,23.8,19.1,21.1,30.60
2024-10-16,24.2,15.5,19.9,0.00
2024-10-17,22.6,16.8,19.7,0.00
2024-10-18,25.8,19.0,21.6,33.30
2024-10-19,24.2,13.8,19.3,7.90
2024-10-20,16.4,12.8,14.8,0.00
2024-10-21,22.1,16.0,19.1,0.20
2024-10-22,22.8,17.7,20.1,136.80
2024-10-23,19.3,12.0,16.3,0.50
2024-10-24,20.2,6.5,13.2,0.00
2024-10-25,21.5,12.8,17.2,0.00
2024-10-26,21.2,14.8,17.6,0.00
2024-10-27,19.9,11.6,15.7,3.20
2024-10-28,20.4,11.1,15.5,1.40
2024-10-29,20.3,13.3,16.4,0.00
2024-10-30,21.6,9.1,14.9,0.00
2024-10-31,20.9,14.0,16.5,0.00
2024-11-01,15.7,13.9,14.9,46.60
2024-11-02,20.5,14.4,17.3,27.60
2024-11-03,19.9,10.8,15.3,0.00
2024-11-04,20.1,8.4,14.1,0.00
2024-11-05,17.3,9.2,12.8,0.00
2024-11-06,13.2,4.4,8.2,0.00
2024-11-07,17.1,3.8,10.5,0.00
2024-11-08,17.0,9.5,13.0,0.10
2024-11-09,18.9,9.3,13.4,0.00
2024-11-10,18.6,11.3,14.4,0.00
2024-11-11,19.9,7.3,13.0,0.00
2024-11-12,18.9,7.9,12.5,0.00
2024-11-13,18.6,10.3,13.9,0.20
2024-11-14,19.3,11.0,14.4,0.00
2024-11-15,19.3,11.5,14.9,0.10
2024-11-16,21.7,14.4,17.0,0.00
2024-11-17,16.7,7.1,12.5,0.00
2024-11-18,10.3,1.2,5.6,0.00
2024-11-19,13.2,4.6,7.9,0.00
2024-11-20,13.3,2.6,7.7,0.00
2024-11-21,13.9,5.5,9.2,0.00
2024-11-22,12.2,4.1,7.4,0.00
2024-11-23,12.8,4.0,7.4,0.00
2024-11-24,13.9,5.1,8.5,0.00
2024-11-25,14.8,4.8,10.2,0.00
2024-11-26,14.4,4.8,10.9,27.40
2024-11-27,7.0,1.6,4.7,0.20
2024-11-28,9.8,1.1,5.0,0.00
2024-11-29,8.0,0.1,4.2,0.00
2024-11-30,11.0,2.3,5.8,0.00
2024-12-01,13.2,-0.3,6.6,0.10
2024-12-02,16.0,4.7,9.8,0.00
2024-12-03,9.9,2.3,5.7,0.00
2024-12-04,8.4,-0.2,3.2,0.00
2024-12-05,9.2,-0.3,4.1,0.00
2024-12-06,9.1,1.6,4.9,0.00
2024-12-07,7.4,-1.1,2.8,0.00
2024-12-08,4.9,-2.4,0.7,0.00
2024-12-09,6.1,-2.3,1.2,0.00
2024-12-10,7.7,-1.8,2.3,0.00
2024-12-11,10.4,-2.5,3.2,0.00
2024-12-12,7.9,-1.9,2.4,0.00
2024-12-13,6.4,-1.6,1.8,0.00
2024-12-14,4.6,-2.8,0.3,0.00
2024-12-15,5.9,-1.9,2.0,0.00
2024-12-16,8.4,-2.8,1.7,0.00
2024-12-17,6.3,-1.3,1.6,0.00
2024-12-18,3.0,-3.4,-0.6,0.00
2024-12-19,7.2,-3.6,0.4,0.00
2024-12-20,8.0,-2.4,1.5,0.00
2024-12-21,6.2,-1.5,1.8,0.00
2024-12-22,1.6,-5.3,-2.2,0.00
2024-12-23,6.8,-3.0,0.8,0.00
2024-12-24,6.9,-3.6,0.9,0.00
2024-12-25,7.4,-3.6,1.5,0.00
2024-12-26,7.9,-0.6,2.9,0.00
2024-12-27,3.4,-3.8,-0.6,0.00
2024-12-28,2.5,-3.3,-1.0,0.00
2024-12-29,6.5,-3.6,0.4,0.00
2024-12-30,10.2,-1.8,4.0,0.00
2024-12-31,5.9,-2.5,2.5,0.00
2025-01-01,7.4,-3.2,0.9,0.00
2025-01-02,9.0,-1.7,2.2,0.00
2025-01-03,2.9,-2.2,-0.0,0.00
2025-01-04,4.7,-3.9,-0.4,0.00
2025-01-05,6.7,-5.2,0.2,0.80
2025-01-06,8.4,-3.5,1.4,0.00
2025-01-07,3.8,-4.1,-0.6,0.00
2025-01-08,6.1,-3.9,0.4,0.00
2025-01-09,-1.4,-9.8,-4.3,0.00
2025-01-10,-0.3,-10.6,-6.1,0.00
2025-01-11,2.0,-6.3,-2.7,0.00
2025-01-12,3.8,-4.8,-1.4,0.00
2025-01-13,5.2,-3.1,0.0,0.00
2025-01-14,9.9,-3.8,2.4,0.00
2025-01-15,1.7,-3.6,-0.8,0.00
2025-01-16,5.5,-4.9,-0.9,0.00
2025-01-17,6.6,-4.9,0.0,0.00
2025-01-18,9.6,-4.2,1.6,0.00
2025-01-19,9.8,-3.1,2.3,0.00
2025-01-20,9.7,-3.9,1.4,0.00
2025-01-21,9.4,-2.6,2.1,0.00
2025-01-22,10.2,-3.3,2.9,0.00
2025-01-23,12.3,-2.6,4.1,0.00
2025-01-24,11.1,-0.2,4.6,0.00
2025-01-25,8.5,2.2,4.9,0.10
2025-01-26,7.5,2.0,4.5,0.00
2025-01-27,5.9,-1.5,2.0,5.70
2025-01-28,3.7,-2.7,-0.2,0.00
2025-01-29,2.1,-3.3,-1.2,0.00
2025-01-30,5.2,-4.5,-0.4,0.00
2025-01-31,8.5,-4.7,1.8,0.40
2025-02-01,5.0,2.5,3.9,15.30
2025-02-02,9.8,-0.3,4.4,0.00
2025-02-03,2.9,-4.0,0.0,0.00
2025-02-04,-1.2,-7.9,-4.8,0.00
2025-02-05,1.4,-7.0,-3.9,0.00
2025-02-06,1.7,-6.9,-3.2,0.00
2025-02-07,3.5,-7.7,-3.1,0.30
2025-02-08,0.2,-9.6,-5.2,0.00
2025-02-09,3.2,-7.1,-2.8,0.00
2025-02-10,4.0,-4.7,-1.4,0.00
2025-02-11,7.6,-4.3,0.9,0.00
2025-02-12,6.2,-0.2,2.6,8.30
2025-02-13,5.6,-4.2,0.3,0.00
2025-02-14,9.9,-3.4,2.0,0.00
2025-02-15,7.9,-3.4,1.8,0.00
2025-02-16,11.5,-2.9,4.1,0.00
2025-02-17,6.3,-2.4,1.7,0.00
2025-02-18,3.0,-4.4,-1.0,0.00
2025-02-19,4.5,-5.0,-1.0,0.00
2025-02-20,3.9,-4.9,-1.2,0.00
2025-02-21,3.8,-4.5,-1.2,0.00
2025-02-22,4.2,-4.9,-1.0,0.00
2025-02-23,3.8,-4.6,-1.1,0.00
2025-02-24,5.4,-5.3,-0.9,0.00
2025-02-25,8.3,-4.4,1.8,0.00
2025-02-26,11.2,-1.2,4.7,0.00
2025-02-27,12.5,-1.5,5.1,0.00
2025-02-28,16.5,5.2,9.7,0.00
2025-03-01,14.5,1.7,8.9,0.70
2025-03-02,17.4,6.9,11.3,4.20
2025-03-03,6.1,2.3,4.3,16.10
2025-03-04,4.7,2.7,3.8,13.40
2025-03-05,8.1,3.5,5.5,0.00
2025-03-06,9.2,2.5,5.4,0.00
2025-03-07,8.4,-0.6,4.5,0.00
2025-03-08,9.6,3.6,6.3,0.80
2025-03-09,12.5,-1.3,5.5,0.00
2025-03-10,12.4,1.5,6.7,0.00
2025-03-11,15.4,0.3,7.8,0.00
2025-03-12,17.3,2.9,10.0,0.00
2025-03-13,14.7,4.6,9.0,0.00
2025-03-14,14.7,4.7,9.3,0.00
2025-03-15,9.0,6.5,7.6,4.20
2025-03-16,9.6,-0.2,5.6,6.00
2025-03-17,9.0,-1.2,2.9,0.00
2025-03-18,6.6,-1.3,2.7,2.20
2025-03-19,8.2,-2.1,2.9,0.00
2025-03-20,14.0,-2.2,6.0,0.10
2025-03-21,17.8,4.0,11.1,0.00
2025-03-22,22.7,4.6,13.7,0.00
2025-03-23,24.3,6.6,15.3,0.00
2025-03-24,20.6,11.5,14.8,0.10
2025-03-25,22.1,7.8,15.1,0.00
2025-03-26,20.2,7.7,15.0,0.50
2025-03-27,17.9,14.4,15.7,4.60
2025-03-28,15.1,6.6,10.5,1.60
2025-03-29,11.5,3.1,6.9,0.00
2025-03-30,10.7,-1.8,4.0,0.00
2025-03-31,12.9,-2.0,5.7,0.00
2025-04-01,14.3,-1.0,7.5,0.00
2025-04-02,16.5,3.3,9.1,2.00
2025-04-03,15.3,1.1,8.2,0.80
2025-04-04,15.2,2.8,9.4,0.20
2025-04-05,14.3,5.5,10.2,0.80
2025-04-06,19.4,3.9,12.0,0.00
2025-04-07,20.7,5.2,13.3,0.00
2025-04-08,25.0,11.2,16.8,0.00
2025-04-09,18.6,7.3,13.5,5.40
2025-04-10,21.8,10.8,15.7,0.00
2025-04-11,21.3,8.2,14.6,0.00
2025-04-12,17.9,8.1,12.7,13.80
2025-04-13,13.3,4.5,9.4,26.50
2025-04-14,13.1,4.3,8.2,6.00
2025-04-15,15.7,3.1,8.9,0.00
2025-04-16,18.9,4.7,12.4,0.00
2025-04-17,18.4,12.2,15.8,0.00
2025-04-18,22.7,15.7,18.4,0.00
2025-04-19,21.1,15.8,18.0,1.60
2025-04-20,17.1,12.3,15.4,3.20
2025-04-21,19.9,11.0,14.8,0.00
2025-04-22,17.1,11.8,14.9,35.70
2025-04-23,19.2,10.1,13.9,0.00
2025-04-24,20.9,10.8,15.7,0.00
2025-04-25,18.5,9.6,13.8,0.00
2025-04-26,19.9,6.2,13.1,0.00
2025-04-27,23.0,9.2,16.0,0.00
2025-04-28,23.4,12.7,17.3,0.00
2025-04-29,18.3,7.4,13.1,0.00
2025-04-30,22.0,8.1,15.1,0.00
2025-05-01,20.5,12.6,16.0,19.00
2025-05-02,20.2,8.8,14.6,0.00
2025-05-03,15.3,10.1,13.0,12.00
2025-05-04,21.0,7.3,14.0,0.00
2025-05-05,18.3,8.2,13.3,5.50
2025-05-06,16.5,9.9,12.8,7.20
2025-05-07,19.3,7.1,12.9,0.10
2025-05-08,20.3,9.4,15.1,0.00
2025-05-09,16.5,12.5,14.7,33.70
2025-05-10,19.0,12.4,15.5,0.00
2025-05-11,18.1,11.2,14.2,0.60
2025-05-12,22.4,9.9,16.0,0.00
2025-05-13,22.0,10.3,16.5,0.00
2025-05-14,21.9,11.8,17.1,0.00
2025-05-15,21.3,16.1,18.5,1.80
2025-05-16,21.2,16.8,18.2,57.40
2025-05-17,25.4,15.7,19.5,7.20
2025-05-18,22.1,14.4,17.4,0.00
2025-05-19,21.5,12.0,17.4,0.00
2025-05-20,25.0,18.2,21.2,0.10
2025-05-21,25.8,19.9,22.4,0.00
2025-05-22,21.0,14.8,17.8,0.10
2025-05-23,19.4,13.4,16.2,0.00
2025-05-24,15.7,12.7,14.2,11.50
2025-05-25,20.3,12.0,15.4,0.60
2025-05-26,22.1,11.3,16.7,0.00
2025-05-27,23.6,11.1,17.8,0.10
2025-05-28,25.0,12.5,19.0,0.00
2025-05-29,25.0,13.5,18.7,0.70
2025-05-30,24.5,12.6,18.2,0.00
2025-05-31,28.0,11.6,19.5,0.00
2025-06-01,26.2,13.2,19.9,0.00
2025-06-02,20.6,16.0,18.4,7.60
2025-06-03,24.3,15.9,19.9,4.40
2025-06-04,26.8,14.1,21.0,0.00
2025-06-05,27.6,14.9,20.9,0.00
2025-06-06,26.5,14.8,20.5,0.00
2025-06-07,27.6,15.6,21.7,0.00
2025-06-08,29.3,19.1,22.8,0.00
2025-06-09,26.2,17.5,21.4,0.00
2025-06-10,31.2,16.8,23.3,0.00
2025-06-11,31.6,20.0,24.2,0.00
2025-06-12,26.6,18.7,21.9,0.00
2025-06-13,26.4,17.8,20.4,6.10
2025-06-14,22.9,18.7,21.4,60.40
2025-06-15,27.0,20.3,22.8,3.00
2025-06-16,26.2,20.3,22.5,16.80
2025-06-17,25.5,19.7,22.2,0.00
2025-06-18,27.2,20.3,23.4,0.00
2025-06-19,29.4,18.4,24.0,0.10
2025-06-20,24.8,21.8,23.3,4.40
2025-06-21,24.8,21.9,23.2,16.40
2025-06-22,27.5,18.5,21.7,25.60
2025-06-23,28.4,18.4,23.2,0.00
2025-06-24,22.1,18.8,20.4,20.70
2025-06-25,24.8,19.8,22.0,8.20
2025-06-26,28.9,18.0,22.9,0.00
2025-06-27,30.4,20.1,24.9,0.00
2025-06-28,30.2,21.6,25.9,0.00
2025-06-29,30.9,22.9,26.4,0.00
2025-06-30,31.1,22.5,26.8,0.00
2025-07-01,31.4,22.9,27.1,0.00
2025-07-02,33.9,24.3,28.9,0.00
2025-07-03,33.9,24.4,29.2,0.00
2025-07-04,33.8,24.3,28.4,0.00
2025-07-05,34.7,24.3,28.6,0.00
2025-07-06,37.1,24.1,29.4,0.00
2025-07-07,36.5,25.5,30.4,0.00
2025-07-08,34.1,25.2,29.1,0.00
2025-07-09,32.3,24.2,27.7,0.00
2025-07-10,32.0,24.0,27.2,0.30
2025-07-11,30.2,23.5,26.3,0.00
2025-07-12,30.0,22.6,25.9,0.00
2025-07-13,31.9,22.5,26.2,29.30
2025-07-14,28.8,21.3,23.9,34.60
2025-07-15,27.3,20.0,23.5,3.10
2025-07-16,26.8,21.8,24.4,4.80
2025-07-17,28.0,22.0,25.1,20.50
2025-07-18,26.4,21.9,24.0,26.20
2025-07-19,26.4,23.2,24.2,26.70
2025-07-20,30.6,22.9,26.8,0.00
2025-07-21,29.5,24.0,26.8,1.80
2025-07-22,31.9,23.7,27.7,0.50
2025-07-23,32.6,23.7,27.9,0.40
2025-07-24,32.1,22.0,27.4,0.00
2025-07-25,31.9,25.1,28.3,0.00
2025-07-26,33.0,25.6,29.1,0.00
2025-07-27,33.1,26.6,29.6,0.00
2025-07-28,34.5,24.6,29.8,0.00
2025-07-29,34.3,24.1,29.1,0.00
2025-07-30,33.3,24.6,28.8,0.00
2025-07-31,33.7,24.4,28.9,0.00
2025-08-01,35.0,24.1,28.9,0.80
2025-08-02,35.4,24.1,29.5,0.90
2025-08-03,32.1,25.5,28.5,2.00
2025-08-04,30.7,25.6,28.0,12.60
2025-08-05,30.5,25.7,28.0,4.40
2025-08-06,31.2,26.1,28.1,4.00
2025-08-07,32.5,25.4,28.7,1.70
2025-08-08,30.2,22.8,26.2,0.40
2025-08-09,29.5,21.4,24.4,26.30
2025-08-10,27.5,21.5,23.5,69.80
2025-08-11,28.7,20.1,23.7,45.20
2025-08-12,23.7,21.0,22.3,35.60
2025-08-13,29.9,23.0,26.4,1.60
2025-08-14,30.7,24.0,27.3,2.00
2025-08-15,32.7,24.5,28.4,0.40
2025-08-16,32.3,25.0,28.6,0.10
2025-08-17,33.2,23.7,28.1,0.00
2025-08-18,32.5,23.9,27.8,0.20
2025-08-19,31.6,24.9,28.0,0.00
2025-08-20,31.8,24.5,28.1,0.90
2025-08-21,34.0,23.9,28.9,0.80
2025-08-22,33.5,25.0,29.4,0.90
2025-08-23,35.5,25.8,30.0,0.00
2025-08-24,35.0,24.9,29.5,0.60
2025-08-25,33.6,25.3,29.1,0.00
2025-08-26,32.2,25.4,28.6,0.60
2025-08-27,31.6,24.6,27.7,2.90
2025-08-28,32.1,23.9,27.9,0.20
2025-08-29,33.7,24.2,28.8,0.10
2025-08-30,34.9,25.0,29.8,0.00
2025-08-31,31.9,24.0,26.4,20.40
2025-09-01,28.1,24.0,25.9,14.80
2025-09-02,29.6,22.7,26.5,14.40
2025-09-03,30.4,22.2,25.9,0.80
2025-09-04,31.1,24.0,26.7,0.30
2025-09-05,31.8,23.5,26.6,0.50
2025-09-06,30.9,22.6,26.9,1.60
2025-09-07,32.5,25.7,28.2,4.50
2025-09-08,31.2,23.5,26.8,0.20
2025-09-09,26.9,20.0,22.9,15.00
2025-09-10,27.6,20.1,23.2,21.30
2025-09-11,27.2,21.0,23.9,0.00
2025-09-12,27.0,22.8,24.2,0.80
2025-09-13,28.2,21.9,25.1,6.10
2025-09-14,27.7,21.0,24.3,0.90
2025-09-15,30.2,22.9,25.8,5.00
2025-09-16,30.3,22.8,26.4,1.00
2025-09-17,30.8,24.1,26.6,0.80
2025-09-18,24.8,20.9,22.7,0.80
2025-09-19,24.8,20.3,22.2,0.00
2025-09-20,27.6,20.3,23.6,8.00
2025-09-21,25.1,17.9,21.0,0.00
2025-09-22,24.4,18.8,21.2,0.30
2025-09-23,24.7,18.6,21.6,0.00
2025-09-24,28.2,20.9,24.2,1.80
2025-09-25,24.9,21.7,23.1,12.60
2025-09-26,27.7,20.3,23.5,0.00
2025-09-27,26.6,19.8,22.5,0.30
2025-09-28,25.4,19.3,22.7,2.10
2025-09-29,25.8,18.6,21.2,0.00
2025-09-30,23.0,16.2,19.6,0.10
2025-10-01,27.2,15.2,20.8,0.00
2025-10-02,26.0,16.7,20.8,0.60
2025-10-03,20.1,18.2,19.1,58.90
2025-10-04,26.1,19.2,21.6,11.20
2025-10-05,26.1,18.5,21.9,1.60
2025-10-06,22.0,20.3,21.0,7.20
2025-10-07,25.6,20.0,22.3,2.50
2025-10-08,24.8,20.1,21.9,0.00
2025-10-09,23.1,19.1,20.6,0.00
2025-10-10,24.1,17.4,20.6,0.00
2025-10-11,27.3,17.5,21.7,0.00
2025-10-12,26.5,17.6,20.8,2.20
2025-10-13,23.8,17.7,20.4,2.60
2025-10-14,20.2,17.5,18.9,25.30
2025-10-15,23.7,18.2,20.5,0.00
2025-10-16,25.4,18.3,20.8,32.80
2025-10-17,23.2,18.1,20.3,0.10
2025-10-18,24.0,17.4,20.2,9.90
2025-10-19,19.8,15.8,17.6,0.30
2025-10-20,19.9,13.2,16.0,0.00
2025-10-21,16.9,13.3,14.8,0.00
2025-10-22,20.1,13.7,16.0,2.00
2025-10-23,19.9,13.6,16.2,0.60
2025-10-24,19.1,12.8,15.6,1.40
2025-10-25,21.7,13.8,16.6,0.20
2025-10-26,18.1,11.8,14.5,0.40
2025-10-27,13.6,6.3,10.0,0.00
2025-10-28,13.9,3.7,7.9,0.00
2025-10-29,16.1,3.4,9.4,0.00
2025-10-30,18.2,6.0,12.0,0.00
2025-10-31,19.2,8.8,13.1,0.00
2025-11-01,17.8,7.6,12.6,0.00
2025-11-02,16.5,7.2,11.2,0.00
2025-11-03,14.9,2.8,9.3,0.00
2025-11-04,18.4,8.0,12.6,0.00
2025-11-05,19.3,6.6,12.6,0.00
2025-11-06,20.5,8.2,13.8,0.00
2025-11-07,19.3,9.6,14.5,0.00
2025-11-08,18.0,12.9,15.3,5.90
2025-11-09,19.3,10.5,14.4,20.30
2025-11-10,14.0,5.0,9.8,0.00
2025-11-11,15.4,3.8,8.8,0.00
2025-11-12,16.9,5.4,10.6,0.00
2025-11-13,17.6,6.3,10.9,0.00
2025-11-14,17.0,3.8,9.8,0.00
2025-11-15,16.5,2.9,9.4,0.00
2025-11-16,17.6,4.3,10.6,0.00
2025-11-17,11.7,3.2,7.8,0.00
2025-11-18,7.7,0.3,3.2,0.00
2025-11-19,8.9,-1.0,3.1,0.00
2025-11-20,13.1,-0.8,5.8,0.00
2025-11-21,11.9,2.9,6.7,0.00
2025-11-22,13.6,0.8,6.5,0.00
2025-11-23,14.4,-0.6,6.8,0.00
2025-11-24,16.6,5.1,10.1,0.00
2025-11-25,12.9,3.6,7.7,0.80
2025-11-26,13.2,3.2,7.6,0.00
2025-11-27,14.0,6.3,8.8,1.00
2025-11-28,9.5,0.2,5.0,0.00
2025-11-29,12.4,-2.9,4.9,0.00
2025-11-30,18.3,5.2,11.8,0.00
2025-12-01,14.9,3.5,10.0,0.00
2025-12-02,10.6,1.6,5.4,0.00
2025-12-03,4.9,-3.2,0.4,0.00
2025-12-04,5.2,-4.2,-0.7,0.00
2025-12-05,4.9,-3.1,0.8,0.00
2025-12-06,7.9,-4.7,1.3,0.00
2025-12-07,13.1,-1.2,6.5,0.00
2025-12-08,9.8,1.6,6.2,0.00
2025-12-09,8.4,-1.8,2.5,0.00
2025-12-10,10.2,-1.5,3.4,0.00
2025-12-11,16.0,3.4,8.0,1.40
2025-12-12,7.6,0.9,4.9,0.10
2025-12-13,12.1,3.7,7.5,5.60
2025-12-14,6.5,0.3,3.0,0.00
2025-12-15,7.8,-1.9,2.2,0.00
2025-12-16,10.2,-3.3,3.6,0.00
2025-12-17,11.2,2.8,6.4,0.00
2025-12-18,10.9,-1.2,3.5,0.00
2025-12-19,14.6,0.1,7.0,0.00
2025-12-20,16.4,5.4,10.9,1.70
2025-12-21,11.1,-1.7,3.4,0.00
2025-12-22,9.6,-4.1,2.1,0.00
2025-12-23,12.7,-1.2,4.8,1.10
2025-12-24,9.1,6.1,7.2,17.80
2025-12-25,6.1,-3.7,1.9,0.00
2025-12-26,-1.7,-8.8,-4.9,0.00
2025-12-27,4.3,-5.9,-1.5,0.00
2025-12-28,8.3,-3.8,1.6,0.00
2025-12-29,11.8,0.3,5.5,0.10
2025-12-30,7.5,-1.1,2.7,0.00
2025-12-31,1.8,-4.5,-1.3,0.00
2026-01-01,-0.7,-6.4,-3.8,0.00
2026-01-02,0.2,-8.5,-4.3,0.00
2026-01-03,3.4,-6.0,-2.3,0.00
2026-01-04,7.5,-4.0,0.9,0.00
2026-01-05,5.9,-2.2,1.7,0.00
2026-01-06,7.2,-4.5,-0.1,0.00
2026-01-07,8.2,-3.2,1.7,0.00
2026-01-08,1.4,-5.8,-2.5,0.00
2026-01-09,5.1,-6.1,-0.9,0.00
2026-01-10,11.2,-0.4,6.1,0.00
2026-01-11,0.5,-5.2,-2.3,0.00
2026-01-12,4.4,-8.2,-2.0,0.00
2026-01-13,7.7,-2.0,3.7,0.00
2026-01-14,6.4,-4.2,0.5,0.00
2026-01-15,17.3,2.8,9.4,0.10
2026-01-16,15.1,-2.9,6.7,0.00
2026-01-17,13.5,0.1,5.8,0.00
2026-01-18,12.7,1.1,5.8,0.00
2026-01-19,7.1,-1.1,3.2,0.00
2026-01-20,5.4,-4.3,-0.6,0.00
2026-01-21,-0.2,-7.4,-4.0,0.00
2026-01-22,-1.0,-7.9,-4.8,0.00
2026-01-23,3.7,-6.3,-2.1,0.00
2026-01-24,2.9,-3.3,-0.8,0.00
2026-01-25,3.6,-5.2,-1.5,0.00
2026-01-26,6.0,-8.0,-1.0,0.00
2026-01-27,5.0,-2.5,0.4,0.00
2026-01-28,3.6,-4.7,-1.4,0.00
2026-01-29,4.8,-4.1,-0.8,0.00
2026-01-30,1.0,-6.1,-2.6,0.00
2026-01-31,6.0,-4.7,-0.6,0.00
2026-02-01,4.3,-5.1,-0.9,0.00
2026-02-02,3.7,-6.9,-1.5,0.60
2026-02-03,6.7,-5.0,-0.3,0.00
2026-02-04,9.5,-2.0,3.0,0.00
2026-02-05,12.3,-1.6,5.0,0.00
2026-02-06,8.4,-0.2,4.0,0.00
2026-02-07,2.8,-5.1,-1.0,0.00
2026-02-08,-1.1,-8.8,-4.9,0.00
2026-02-09,6.5,-6.4,-1.2,0.00
2026-02-10,3.7,-3.0,0.5,1.40
2026-02-11,9.3,-0.8,3.7,0.00
2026-02-12,10.9,-2.8,3.2,0.00
2026-02-13,12.2,-3.7,3.7,0.00
2026-02-14,15.2,-0.5,7.3,0.00
2026-02-15,18.4,0.6,9.3,0.00
2026-02-16,11.8,1.9,6.3,0.20
2026-02-17,12.0,-0.2,6.2,0.00
2026-02-18,11.7,-2.6,4.4,0.00
2026-02-19,11.1,-2.7,4.4,0.00
2026-02-20,13.6,-1.1,6.5,0.00
2026-02-21,15.3,1.6,9.1,0.00
2026-02-22,19.6,7.2,14.0,0.10
2026-02-23,12.9,-0.2,5.9,0.00
2026-02-24,8.5,0.7,3.6,24.30
2026-02-25,10.1,3.8,7.5,0.30
2026-02-26,10.7,7.6,8.8,0.00
2026-02-27,9.7,5.4,7.3,6.70
2026-02-28,9.6,2.5,6.3,0.00
2026-03-01,10.3,7.2,8.3,0.00
2026-03-02,8.3,6.8,7.5,28.70
2026-03-03,9.7,4.8,7.4,3.20
2026-03-04,13.0,1.9,6.5,0.00
2026-03-05,12.3,2.0,7.2,0.00
2026-03-06,11.7,2.2,7.1,3.70
2026-03-07,8.1,-2.1,2.7,0.00
2026-03-08,9.5,-3.8,3.0,0.00
2026-03-09,10.0,0.2,4.3,0.00
2026-03-10,9.7,-2.6,3.8,0.00
2026-03-11,11.9,-0.6,5.3,0.00
2026-03-12,11.7,1.5,6.0,0.60
2026-03-13,8.8,2.2,5.1,0.20
2026-03-14,12.5,0.2,5.9,0.00
2026-03-15,14.2,1.7,7.7,0.00
2026-03-16,12.7,3.1,8.2,0.20
2026-03-17,14.2,2.8,9.0,0.20
2026-03-18,10.5,7.6,8.8,5.40
2026-03-19,15.6,3.4,8.6,0.00
2026-03-20,15.9,3.6,8.7,0.00
2026-03-21,15.7,4.4,10.0,0.00
2026-03-22,16.4,4.2,9.9,0.00
2026-03-23,17.8,4.3,10.6,0.00
2026-03-24,14.7,6.4,10.6,0.00
2026-03-25,13.5,6.6,10.4,1.50
2026-03-26,19.9,4.8,11.6,0.00
2026-03-27,22.0,5.8,14.0,0.00
2026-03-28,19.8,9.8,13.8,0.00
2026-03-29,19.4,6.6,12.9,0.00
2026-03-30,20.5,8.3,13.2,10.60
2026-03-31,17.0,11.0,13.3,9.80
2026-04-01,14.1,10.3,11.7,2.90
2026-04-02,19.1,7.6,12.8,1.30
2026-04-03,19.1,7.4,13.4,0.60
2026-04-04,19.0,10.8,14.5,43.10
2026-04-05,16.9,7.7,12.2,0.00
2026-04-06,18.9,9.0,14.1,17.50
2026-04-07,14.0,5.6,9.8,0.00
2026-04-08,15.4,1.9,9.4,0.00
2026-04-09,15.9,8.5,12.4,57.00
2026-04-10,21.6,11.4,16.9,1.90
2026-04-11,21.0,7.8,14.5,0.00
2026-04-12,18.4,11.4,14.9,0.00
2026-04-13,22.4,11.5,16.2,0.00
2026-04-14,17.4,13.0,14.7,0.00
2026-04-15,22.2,10.9,15.3,0.00
2026-04-16,17.7,10.5,13.5,0.00
2026-04-17,19.4,10.7,14.0,9.10
2026-04-18,21.9,13.3,16.6,10.20
2026-04-19,22.4,14.1,17.6,0.10
2026-04-20,22.0,13.0,17.2,0.00
2026-04-21,20.9,8.1,13.9,0.00
2026-04-22,16.9,11.3,13.5,1.70
2026-04-23,16.5,11.1,13.2,4.30
2026-04-24,18.6,10.1,13.6,0.00
2026-04-25,21.6,8.8,14.9,0.00
2026-04-26,22.7,9.4,16.3,0.00
2026-04-27,23.9,12.9,17.5,0.00
2026-04-28,23.0,13.1,17.4,0.00
2026-04-29,18.8,10.4,14.4,0.00
2026-04-30,16.7,11.7,14.0,2.30
2026-05-01,22.3,9.2,14.4,13.10
2026-05-02,23.5,10.9,16.9,0.00
2026-05-03,16.2,12.5,14.8,23.60
2026-05-04,19.9,10.2,14.6,0.00
2026-05-05,19.7,7.8,14.0,0.00
2026-05-06,21.4,9.1,15.2,0.00
2026-05-07,22.5,11.3,17.2,0.00
2026-05-08,23.1,13.8,18.1,0.50
2026-05-09,23.8,8.7,16.0,0.00
2026-05-10,22.4,9.6,16.7,0.00
2026-05-11,23.2,12.1,18.0,0.00
2026-05-12,20.7,15.2,17.1,4.80
2026-05-13,23.9,12.2,18.2,0.00
2026-05-14,24.7,13.0,18.8,0.00
2026-05-15,25.0,13.5,18.8,0.00
2026-05-16,29.5,10.2,20.6,0.00
2026-05-17,30.9,15.5,23.1,0.00
2026-05-18,29.6,14.9,22.5,0.00
2026-05-19,27.4,15.2,22.0,0.00
2026-05-20,20.4,15.6,17.0,45.40
2026-05-21,21.7,15.9,18.2,14.00
2026-05-22,21.4,15.6,17.9,0.00
2026-05-23,21.2,15.5,17.2,1.00
2026-05-24,23.6,13.8,18.5,0.00
2026-05-25,28.0,17.2,22.1,1.80
2026-05-26,26.4,18.7,22.4,8.10
2026-05-27,22.4,19.2,20.1,11.40
2026-05-28,27.9,18.9,22.9,2.80
2026-05-29,25.0,17.8,21.1,0.80
2026-05-30,30.6,14.9,22.8,0.00
2026-05-31,31.2,16.3,24.2,0.00
2026-06-01,29.4,18.1,23.5,2.70
2026-06-02,21.4,19.2,20.1,28.30
2026-06-03,26.5,17.9,21.8,1.10
2026-06-04,23.8,19.1,21.2,0.20
2026-06-05,28.2,18.0,22.9,0.00
2026-06-06,25.6,15.3,21.1,0.00
2026-06-07,26.6,19.5,21.5,3.10
2026-06-08,22.1,17.9,19.7,3.70
2026-06-09,23.1,16.3,19.6,4.10
2026-06-10,28.1,15.2,21.5,0.50
2026-06-11,28.2,16.6,22.1,0.90
2026-06-12,29.1,16.7,22.8,0.00
2026-06-13,28.9,17.3,23.4,0.00
2026-06-14,28.8,17.7,23.2,0.00
2026-06-15,27.6,18.6,23.2,0.00
2026-06-16,27.8,18.8,23.3,0.00
2026-06-17,28.8,20.1,24.6,0.10
2026-06-18,29.8,21.8,25.2,3.50
2026-06-19,27.8,22.5,24.4,7.80
2026-06-20,26.8,22.5,23.9,30.80
2026-06-21,25.7,19.5,22.2,1.80
2026-06-22,22.6,18.7,19.7,1.70
2026-06-23,22.4,18.1,19.6,0.60
2026-06-24,21.2,18.5,19.7,3.40
2026-06-25,26.2,19.4,22.0,8.00
2026-06-26,24.2,18.7,21.2,2.30
2026-06-27,25.3,16.7,20.5,0.00
2026-06-28,26.0,15.6,20.6,0.00
2026-06-29,26.6,16.7,21.5,0.00
2026-06-30,26.5,18.5,22.2,0.00
2026-07-01,21.9,18.9,20.4,61.80
2026-07-02,25.8,18.4,21.7,3.30
2026-07-03,26.2,18.9,22.5,0.30
2026-07-04,27.9,21.1,22.9,15.10
2026-07-05,24.4,21.9,23.1,12.10
2026-07-06,29.1,22.5,25.0,4.00
2026-07-07,28.6,23.5,25.4,5.00
2026-07-08,28.2,23.3,25.4,0.10
2026-07-09,28.9,23.9,25.8,0.30
2026-07-10,30.8,23.2,26.8,0.10
2026-07-11,33.8,24.1,28.6,0.00
2026-07-12,31.5,25.5,28.4,0.00
2026-07-13,30.8,25.7,27.9,2.30
2026-07-14,29.8,25.6,27.2,3.40
2026-07-15,31.9,25.3,28.3,1.30
2026-07-16,35.1,23.9,28.9,0.10
2026-07-17,32.7,25.8,28.3,7.30
2026-07-18,31.9,25.4,27.7,1.10
2026-07-19,31.9,25.5,28.0,4.70
2026-07-20,32.4,24.2,28.0,14.50
2026-07-21,31.9,25.3,28.7,0.30
2026-07-22,34.0,26.3,29.7,0.10
2026-07-23,33.9,26.2,29.5,0.60
2026-07-24,35.5,25.6,30.0,0.00
2026-07-25,36.0,25.3,30.3,0.00
2026-07-26,36.2,27.1,31.1,7.40
2026-07-27,36.0,26.1,31.0,0.50
2026-07-28,37.6,27.5,32.4,0.30
2026-07-29,39.1,28.7,33.8,0.00
2026-07-30,39.6,26.9,33.2,0.00
2026-07-31,39.6,26.4,33.0,0.00
2026-08-01,40.2,27.8,34.1,0.00
2026-08-02,40.1,28.5,33.4,0.00
2026-08-03,35.9,27.9,31.5,0.00
2026-08-04,34.7,27.6,30.4,1.30
2026-08-05,33.5,26.2,29.2,0.00
2026-08-06,34.7,25.1,29.2,0.00
2026-08-07,35.6,25.8,30.3,0.00
2026-08-08,33.7,26.6,29.6,3.50
2026-08-09,30.6,24.5,26.9,2.50
2026-08-10,29.6,24.2,26.1,3.10
2026-08-11,29.8,22.5,25.2,0.00
2026-08-12,30.1,21.1,25.6,0.10
2026-08-13,30.9,22.7,25.9,3.60
2026-08-14,31.8,21.5,26.5,0.00
2026-08-15,31.4,22.5,26.6,4.20
2026-08-16,24.5,22.9,23.6,145.50
2026-08-17,26.2,23.3,24.2,183.30
2026-08-18,29.0,23.4,25.7,14.50
2026-08-19,30.7,24.4,27.1,2.10
2026-08-20,31.8,23.3,27.3,3.20
2026-08-21,31.1,24.2,26.9,5.60
2026-08-22,30.8,24.6,27.3,5.50
2026-08-23,33.1,24.7,28.4,0.70
2026-08-24,33.4,24.3,28.8,0.20
2026-08-25,32.8,24.7,28.9,2.20
2026-08-26,34.3,23.4,28.9,1.50
2026-08-27,33.4,24.0,27.1,17.30
2026-08-28,27.1,24.3,25.3,34.70
2026-08-29,29.7,25.1,26.9,5.90
